{
    "$schema": "https://schema.management.azure.com/schemas/2019-04-01/deploymentTemplate.json#",
    "contentVersion": "1.0.0.0",
    "parameters": {},
    "functions": [],
    "variables": {},
    "resources": [
        {
            "name": "[toLower('vm0011210storage')]",
            "type": "Microsoft.Storage/storageAccounts",
            "apiVersion": "2021-04-01",
            "location": "[resourceGroup().location]",
            "tags": {
                "displayName": "vm001 Storage Account"
            },
            "sku": {
                "name": "Standard_LRS"
            },
            "kind": "Storage"
        },
        {
            "name": "vm001-PublicIP",
            "type": "Microsoft.Network/publicIPAddresses",
            "apiVersion": "2020-11-01",
            "location": "[resourceGroup().location]",
            "tags": {
                "displayName": "PublicIPAddress"
            },
            "properties": {
                "publicIPAllocationMethod": "Dynamic",
                "dnsSettings": {
                    "domainNameLabel": "[toLower('vm0011210')]"
                }
            }
        },
        {
            "name": "vm001-nsg",
            "type": "Microsoft.Network/networkSecurityGroups",
            "apiVersion": "2020-11-01",
            "location": "[resourceGroup().location]",
            "properties": {
                "securityRules": [
                    {
                        "name": "nsgRule1",
                        "properties": {
                            "description": "description",
                            "protocol": "Tcp",
                            "sourcePortRange": "*",
                            "destinationPortRange": "3389",
                            "sourceAddressPrefix": "*",
                            "destinationAddressPrefix": "*",
                            "access": "Allow",
                            "priority": 100,
                            "direction": "Inbound"
                        }
                    }
                ]
            }
        },
        {
            "name": "vm001-VirtualNetwork",
            "type": "Microsoft.Network/virtualNetworks",
            "apiVersion": "2020-11-01",
            "location": "[resourceGroup().location]",
            "dependsOn": [
                "[resourceId('Microsoft.Network/networkSecurityGroups', 'vm001-nsg')]"
            ],
            "tags": {
                "displayName": "vm001-VirtualNetwork"
            },
            "properties": {
                "addressSpace": {
                    "addressPrefixes": [
                        "10.0.0.0/16"
                    ]
                },
                "subnets": [
                    {
                        "name": "vm001-VirtualNetwork-Subnet",
                        "properties": {
                            "addressPrefix": "10.0.0.0/24",
                            "networkSecurityGroup": {
                                "id": "[resourceId('Microsoft.Network/networkSecurityGroups', 'vm001-nsg')]"
                            }
                        }
                    }
                ]
            }
        },
        {
            "name": "vm001-NetworkInterface",
            "type": "Microsoft.Network/networkInterfaces",
            "apiVersion": "2020-11-01",
            "location": "[resourceGroup().location]",
            "dependsOn": [
                "[resourceId('Microsoft.Network/publicIPAddresses', 'vm001-PublicIP')]",
                "[resourceId('Microsoft.Network/virtualNetworks', 'vm001-VirtualNetwork')]"
            ],
            "tags": {
                "displayName": "vm001 Network Interface"
            },
            "properties": {
                "ipConfigurations": [
                    {
                        "name": "ipConfig1",
                        "properties": {
                            "privateIPAllocationMethod": "Dynamic",
                            "publicIPAddress": {
                                "id": "[resourceId('Microsoft.Network/publicIPAddresses', 'vm001-PublicIP')]"
                            },
                            "subnet": {
                                "id": "[resourceId('Microsoft.Network/virtualNetworks/subnets', 'vm001-VirtualNetwork', 'vm001-VirtualNetwork-Subnet')]"
                            }
                        }
                    }
                ]
            }
        },
        {
            "name": "vm001",
            "type": "Microsoft.Compute/virtualMachines",
            "apiVersion": "2021-03-01",
            "location": "[resourceGroup().location]",
            "dependsOn": [
                "[resourceId('Microsoft.Storage/storageAccounts', toLower('vm0011210storage'))]",
                "[resourceId('Microsoft.Network/networkInterfaces', 'vm001-NetworkInterface')]"
            ],
            "tags": {
                "displayName": "vm001"
            },
            "properties": {
                "hardwareProfile": {
                    "vmSize": "Standard_A2_v2"
                },
                "osProfile": {
                    "computerName": "vm001",
                    "adminUsername": "makarand",
                    "adminPassword": "Complex@1234"
                },
                "storageProfile": {
                    "imageReference": {
                        "publisher": "MicrosoftWindowsServer",
                        "offer": "WindowsServer",
                        "sku": "2012-R2-Datacenter",
                        "version": "latest"
                    },
                    "osDisk": {
                        "name": "vm001OSDisk",
                        "caching": "ReadWrite",
                        "createOption": "FromImage"
                    }
                },
                "networkProfile": {
                    "networkInterfaces": [
                        {
                            "id": "[resourceId('Microsoft.Network/networkInterfaces', 'vm001-NetworkInterface')]"
                        }
                    ]
                },
                "diagnosticsProfile": {
                    "bootDiagnostics": {
                        "enabled": true,
                        "storageUri": "[reference(resourceId('Microsoft.Storage/storageAccounts/', toLower('vm0011210storage'))).primaryEndpoints.blob]"
                    }
                }
            }
        }
    ],
    "outputs": {}
}