{
    "$schema": "https://schema.management.azure.com/schemas/2019-04-01/deploymentTemplate.json#",
    "contentVersion": "1.0.0.0",
    "parameters": {},
    "functions": [],
    "variables": {},
    "resources": [
        {
            "name": "linkedDeployment1",
            "type": "Microsoft.Resources/deployments",
            "apiVersion": "2021-04-01",
            "properties": {
                "mode": "Incremental",
                "templateLink": {
                    "uri": "https://imgstormak.blob.core.windows.net/templates/05-nested-template.json",
                    "contentVersion": "1.0.0.0"
                },
                "parameters": {}
            }
        }
    ],
    "outputs": {}
}