{
    "$schema": "https://schema.management.azure.com/schemas/2018-05-01/subscriptionDeploymentTemplate.json#",
    "contentVersion": "1.0.0.0",
    "parameters": {},
    "functions": [],
    "variables": {},
    "resources": [
        {
            "name": "arm-rg",
            "type": "Microsoft.Resources/resourceGroups",
            "apiVersion": "2020-08-01",
            "location": "eastus",
            "dependsOn": [],
            "tags": {}
        }
    ],
    "outputs": {}
}