{
    "$schema": "https://schema.management.azure.com/schemas/2019-04-01/deploymentTemplate.json#",
    "contentVersion": "1.0.0.0",
    "parameters": {},
    "functions": [],
    "variables": {},
    "resources": [
        {
            "name": "storageacc98657432b",
            "type": "Microsoft.Storage/storageAccounts",
            "apiVersion": "2021-04-01",
            "tags": {
                "displayName": "storageaccount1"
            },
            "location": "[resourceGroup().location]",
            "kind": "StorageV2",
            "sku": {
                "name": "Premium_ZRS",
                "tier": "Premium"
            }
        }
    ],
    "outputs": {}
}