{
    "id": "1",
    "category": "personal",
    "name": "wakeup",
    "description": "Wakeup at 6:30 am.",
    "isComplete": false
}
{
    "id": "2",
    "category": "personal",
    "name": "walk",
    "description": "Go To Morning Walk at 6:45 am.",
    "isComplete": false
}
{
    "id": "3",
    "category": "personal",
    "name": "school",
    "description": "Drop Maitri at school at 7:45 am.",
    "isComplete": false
}
{
    "id": "4",
    "category": "office",
    "name": "Join office",
    "description": "Join office at 8:45 am.",
    "isComplete": false
}
{
    "id": "5",
    "category": "office",
    "name": "StandUp Meeting",
    "description": "Attend stand-up meeting at 9:00 am.",
    "isComplete": false
}
